
INSERT INTO Job (job_id, job_title) values (1, 'Administrative Assistant');
INSERT INTO Job (job_id, job_title) values (2, 'Database Administrator');
INSERT INTO Job (job_id, job_title) values (3, 'Design Engineer');
INSERT INTO Job (job_id, job_title) values (4, 'Legal Counsel');
INSERT INTO Job (job_id, job_title) values (5, 'Manager');
INSERT INTO Job (job_id, job_title) values (6, 'Network Engineer');
INSERT INTO Job (job_id, job_title) values (7, 'President');
INSERT INTO Job (job_id, job_title) values (8, 'Sales Rep');
INSERT INTO Job (job_id, job_title) values (9, 'Shipping and Receiving');
INSERT INTO Job (job_id, job_title) values (10, 'Software Engineer');

INSERT INTO Department (department_id, department_name) values (1, 'Distribution');
INSERT INTO Department (department_id, department_name) values (2, 'HQ');
INSERT INTO Department (department_id, department_name) values (3, 'IT');
INSERT INTO Department (department_id, department_name) values (4, 'Product Development');
INSERT INTO Department (department_id, department_name) values (5, 'Sales');

INSERT INTO Education (education_id, education_level) values (1, 'Associates Degree');
INSERT INTO Education (education_id, education_level) values (2, 'Bachelors Degree');
INSERT INTO Education (education_id, education_level) values (3, 'Doctorate');
INSERT INTO Education (education_id, education_level) values (4, 'Masters Degree');
INSERT INTO Education (education_id, education_level) values (5, 'Masters of Business Administration');
INSERT INTO Education (education_id, education_level) values (6, 'No College');
INSERT INTO Education (education_id, education_level) values (7, 'Some College');

insert into employee (id, emp_id, emp_nm, email, hire_date, job_id, salary, department_id, manager_id, start_date, end_date, location, address, city, state, education_id) VALUES (1, 'E17469', 'Haifa Hajiri', 'Haifa.Hajiri@TechCorp.com', '2003-12-17', 1, 47418, 1, 'E63041', '2003-12-17', Null, 'West Coast', '705 James Way', 'San Francisco', 'CA', 6);
insert into employee (id, emp_id, emp_nm, email, hire_date, job_id, salary, department_id, manager_id, start_date, end_date, location, address, city, state, education_id) VALUES (2, 'E27621', 'Wendell Mobley', 'Wendell.Mobley@TechCorp.com', '2013-11-27', 1, 28969, 1, 'E63041', '2013-11-27', Null, 'West Coast', '705 James Way', 'San Francisco', 'CA', 7);
insert into employee (id, emp_id, emp_nm, email, hire_date, job_id, salary, department_id, manager_id, start_date, end_date, location, address, city, state, education_id) VALUES (3, 'E27909', 'Michael Sperduti', 'Michael.Sperduti@TechCorp.com', '2014-06-20', 1, 43778, 1, 'E63041', '2014-06-20', Null, 'West Coast', '705 James Way', 'San Francisco', 'CA', 1);
insert into employee (id, emp_id, emp_nm, email, hire_date, job_id, salary, department_id, manager_id, start_date, end_date, location, address, city, state, education_id) VALUES (4, 'E35053', 'Ashley Bergman', 'Ashley.Bergman@TechCorp.com', '2009-03-01', 1, 41090, 1, 'E63041', '2009-03-01', Null, 'Midwest', '1300 Nicollet Mall', 'Minnapolis', 'MN', 6);
insert into employee (id, emp_id, emp_nm, email, hire_date, job_id, salary, department_id, manager_id, start_date, end_date, location, address, city, state, education_id) VALUES (5, 'E51723', 'Carlos Lopez', 'Carlos.Lopez@TechCorp.com', '2014-05-23', 1, 35825, 1, 'E63041', '2014-05-23', Null, 'East Coast', '165 Broadway', 'New York City', 'NY', 6);
insert into employee (id, emp_id, emp_nm, email, hire_date, job_id, salary, department_id, manager_id, start_date, end_date, location, address, city, state, education_id) VALUES (6, 'E59688', 'Jason Wingard', 'Jason.Wingard@TechCorp.com', '2006-01-11', 1, 34809, 1, 'E63041', '2006-01-11', Null, 'West Coast', '705 James Way', 'San Francisco', 'CA', 7);
insert into employee (id, emp_id, emp_nm, email, hire_date, job_id, salary, department_id, manager_id, start_date, end_date, location, address, city, state, education_id) VALUES (7, 'E18697', 'Anita Deluise', 'Anita.Deluise@TechCorp.com', '1995-06-01', 1, 45325, 2, 'E17054', '1995-06-01', Null, 'HQ', '1 Tech ABC Corp Way', 'Dallas', 'TX', 1);
insert into employee (id, emp_id, emp_nm, email, hire_date, job_id, salary, department_id, manager_id, start_date, end_date, location, address, city, state, education_id) VALUES (8, 'E25640', 'Joseph Donohue', 'Joseph.Donohue@TechCorp.com', '2007-12-27', 1, 40647, 2, 'E17054', '2007-12-27', Null, 'HQ', '1 Tech ABC Corp Way', 'Dallas', 'TX', 6);
insert into employee (id, emp_id, emp_nm, email, hire_date, job_id, salary, department_id, manager_id, start_date, end_date, location, address, city, state, education_id) VALUES (9, 'E35075', 'John Certa', 'John.Certa@TechCorp.com', '2007-08-29', 1, 51633, 2, 'E17054', '2007-08-29', Null, 'HQ', '1 Tech ABC Corp Way', 'Dallas', 'TX', 7);
insert into employee (id, emp_id, emp_nm, email, hire_date, job_id, salary, department_id, manager_id, start_date, end_date, location, address, city, state, education_id) VALUES (10, 'E56459', 'Raven Landis', 'Raven.Landis@TechCorp.com', '2016-04-21', 1, 42313, 2, 'E17054', '2016-04-21', Null, 'HQ', '1 Tech ABC Corp Way', 'Dallas', 'TX', 1);
insert into employee (id, emp_id, emp_nm, email, hire_date, job_id, salary, department_id, manager_id, start_date, end_date, location, address, city, state, education_id) VALUES (11, 'E78732', 'Randy Myers', 'Randy.Myers@TechCorp.com', '2020-01-24', 1, 34084, 2, 'E17054', '2020-01-24', Null, 'HQ', '1 Tech ABC Corp Way', 'Dallas', 'TX', 1);
insert into employee (id, emp_id, emp_nm, email, hire_date, job_id, salary, department_id, manager_id, start_date, end_date, location, address, city, state, education_id) VALUES (12, 'E90407', 'Danny Godiksen', 'Danny.Godiksen@TechCorp.com', '2010-12-15', 1, 28373, 2, 'E17054', '2010-12-15', Null, 'HQ', '1 Tech ABC Corp Way', 'Dallas', 'TX', 1);
insert into employee (id, emp_id, emp_nm, email, hire_date, job_id, salary, department_id, manager_id, start_date, end_date, location, address, city, state, education_id) VALUES (13, 'E45824', 'Raj Prudvi', 'Raj.Prudvi@TechCorp.com', '2017-10-03', 1, 51052, 3, 'E44426', '2017-10-03', Null, 'East Coast', '165 Broadway', 'New York City', 'NY', 1);
insert into employee (id, emp_id, emp_nm, email, hire_date, job_id, salary, department_id, manager_id, start_date, end_date, location, address, city, state, education_id) VALUES (14, 'E48148', 'Alexis Fitzpatrick', 'Alexis.Fitzpatrick@TechCorp.com', '2013-02-19', 1, 39450, 3, 'E44426', '2013-02-19', Null, 'Midwest', '1300 Nicollet Mall', 'Minnapolis', 'MN', 6);
insert into employee (id, emp_id, emp_nm, email, hire_date, job_id, salary, department_id, manager_id, start_date, end_date, location, address, city, state, education_id) VALUES (15, 'E50012', 'Ann Roberto', 'Ann.Roberto@TechCorp.com', '2009-10-01', 1, 37136, 3, 'E44426', '2009-10-01', Null, 'Midwest', '1300 Nicollet Mall', 'Minnapolis', 'MN', 6);
insert into employee (id, emp_id, emp_nm, email, hire_date, job_id, salary, department_id, manager_id, start_date, end_date, location, address, city, state, education_id) VALUES (16, 'E81502', 'Danny Laxton', 'Danny.Laxton@TechCorp.com', '1999-10-24', 1, 34677, 3, 'E44426', '1999-10-24', Null, 'East Coast', '165 Broadway', 'New York City', 'NY', 7);
insert into employee (id, emp_id, emp_nm, email, hire_date, job_id, salary, department_id, manager_id, start_date, end_date, location, address, city, state, education_id) VALUES (17, 'E83558', 'Laura McKenna', 'Laura.McKenna@TechCorp.com', '1997-10-15', 1, 45210, 3, 'E44426', '1997-10-15', Null, 'East Coast', '165 Broadway', 'New York City', 'NY', 1);
insert into employee (id, emp_id, emp_nm, email, hire_date, job_id, salary, department_id, manager_id, start_date, end_date, location, address, city, state, education_id) VALUES (18, 'E99949', 'William Graf', 'William.Graf@TechCorp.com', '2005-05-26', 1, 50043, 3, 'E44426', '2005-05-26', Null, 'HQ', '1 Tech ABC Corp Way', 'Dallas', 'TX', 2);
insert into employee (id, emp_id, emp_nm, email, hire_date, job_id, salary, department_id, manager_id, start_date, end_date, location, address, city, state, education_id) VALUES (19, 'E12562', 'Keith Ingram', 'Keith.Ingram@TechCorp.com', '1996-04-14', 1, 48910, 4, 'E77884', '1996-04-14', Null, 'HQ', '1 Tech ABC Corp Way', 'Dallas', 'TX', 7);
insert into employee (id, emp_id, emp_nm, email, hire_date, job_id, salary, department_id, manager_id, start_date, end_date, location, address, city, state, education_id) VALUES (20, 'E16346', 'Jill Fram', 'Jill.Fram@TechCorp.com', '2007-12-16', 1, 50462, 4, 'E77884', '2007-12-16', Null, 'HQ', '1 Tech ABC Corp Way', 'Dallas', 'TX', 1);
insert into employee (id, emp_id, emp_nm, email, hire_date, job_id, salary, department_id, manager_id, start_date, end_date, location, address, city, state, education_id) VALUES (21, 'E37523', 'Alan Mecklet', 'Alan.Mecklet@TechCorp.com', '2017-12-02', 1, 35638, 4, 'E77884', '2017-12-02', Null, 'East Coast', '165 Broadway', 'New York City', 'NY', 2);
insert into employee (id, emp_id, emp_nm, email, hire_date, job_id, salary, department_id, manager_id, start_date, end_date, location, address, city, state, education_id) VALUES (22, 'E57987', 'Nicole Lee', 'Nicole.Lee@TechCorp.com', '2016-05-15', 1, 49786, 4, 'E77884', '2016-05-15', Null, 'West Coast', '705 James Way', 'San Francisco', 'CA', 6);
insert into employee (id, emp_id, emp_nm, email, hire_date, job_id, salary, department_id, manager_id, start_date, end_date, location, address, city, state, education_id) VALUES (23, 'E73518', 'Cheryl Pike', 'Cheryl.Pike@TechCorp.com', '2001-03-24', 1, 51207, 4, 'E77884', '2001-03-24', Null, 'South', '422 Broadway', 'Nashville', 'TN', 6);
insert into employee (id, emp_id, emp_nm, email, hire_date, job_id, salary, department_id, manager_id, start_date, end_date, location, address, city, state, education_id) VALUES (24, 'E74296', 'Krishna Burli', 'Krishna.Burli@TechCorp.com', '2016-12-19', 1, 47909, 4, 'E77884', '2016-12-19', Null, 'South', '422 Broadway', 'Nashville', 'TN', 7);
insert into employee (id, emp_id, emp_nm, email, hire_date, job_id, salary, department_id, manager_id, start_date, end_date, location, address, city, state, education_id) VALUES (25, 'E77317', 'Kathy Abiskaroon', 'Kathy.Abiskaroon@TechCorp.com', '2015-05-20', 1, 34693, 4, 'E77884', '2015-05-20', Null, 'South', '422 Broadway', 'Nashville', 'TN', 1);
insert into employee (id, emp_id, emp_nm, email, hire_date, job_id, salary, department_id, manager_id, start_date, end_date, location, address, city, state, education_id) VALUES (26, 'E91791', 'Aaron Richman', 'Aaron.Richman@TechCorp.com', '2017-06-02', 1, 29593, 4, 'E77884', '2017-06-02', Null, 'East Coast', '165 Broadway', 'New York City', 'NY', 1);
insert into employee (id, emp_id, emp_nm, email, hire_date, job_id, salary, department_id, manager_id, start_date, end_date, location, address, city, state, education_id) VALUES (27, 'E94358', 'Muhammed Rubel', 'Muhammed.Rubel@TechCorp.com', '2007-07-08', 1, 48239, 4, 'E77884', '2007-07-08', Null, 'HQ', '1 Tech ABC Corp Way', 'Dallas', 'TX', 1);
insert into employee (id, emp_id, emp_nm, email, hire_date, job_id, salary, department_id, manager_id, start_date, end_date, location, address, city, state, education_id) VALUES (28, 'E34496', 'Tony Hughes', 'Tony.Hughes@TechCorp.com', '2009-01-27', 1, 31405, 5, 'E88667', '2009-01-27', Null, 'HQ', '1 Tech ABC Corp Way', 'Dallas', 'TX', 1);
insert into employee (id, emp_id, emp_nm, email, hire_date, job_id, salary, department_id, manager_id, start_date, end_date, location, address, city, state, education_id) VALUES (29, 'E87219', 'Jorge Moscoso', 'Jorge.Moscoso@TechCorp.com', '2017-09-20', 1, 34826, 5, 'E88667', '2017-09-20', Null, 'South', '422 Broadway', 'Nashville', 'TN', 6);
insert into employee (id, emp_id, emp_nm, email, hire_date, job_id, salary, department_id, manager_id, start_date, end_date, location, address, city, state, education_id) VALUES (30, 'E89540', 'Amit Hardiya', 'Amit.Hardiya@TechCorp.com', '2017-06-01', 1, 38176, 5, 'E88667', '2017-06-01', Null, 'East Coast', '165 Broadway', 'New York City', 'NY', 6);
insert into employee (id, emp_id, emp_nm, email, hire_date, job_id, salary, department_id, manager_id, start_date, end_date, location, address, city, state, education_id) VALUES (31, 'E13160', 'Eric  Baxter', 'Eric .Baxter@TechCorp.com', '2008-10-06', 2, 102614, 3, 'E44426', '2008-10-06', Null, 'HQ', '1 Tech ABC Corp Way', 'Dallas', 'TX', 1);
insert into employee (id, emp_id, emp_nm, email, hire_date, job_id, salary, department_id, manager_id, start_date, end_date, location, address, city, state, education_id) VALUES (32, 'E16678', 'Abby Lockhart', 'Abby.Lockhart@TechCorp.com', '2005-11-25', 2, 84297, 3, 'E44426', '2005-11-25', Null, 'HQ', '1 Tech ABC Corp Way', 'Dallas', 'TX', 2);
insert into employee (id, emp_id, emp_nm, email, hire_date, job_id, salary, department_id, manager_id, start_date, end_date, location, address, city, state, education_id) VALUES (33, 'E27498', 'Toni Lembeck', 'Toni.Lembeck@TechCorp.com', '2001-07-18', 2, 78206, 3, 'E44426', '2001-07-18', Null, 'South', '422 Broadway', 'Nashville', 'TN', 2);
insert into employee (id, emp_id, emp_nm, email, hire_date, job_id, salary, department_id, manager_id, start_date, end_date, location, address, city, state, education_id) VALUES (34, 'E37246', 'Paulius Mikalainis', 'Paulius.Mikalainis@TechCorp.com', '2013-10-23', 2, 103370, 3, 'E44426', '2013-10-23', Null, 'East Coast', '165 Broadway', 'New York City', 'NY', 2);
insert into employee (id, emp_id, emp_nm, email, hire_date, job_id, salary, department_id, manager_id, start_date, end_date, location, address, city, state, education_id) VALUES (35, 'E49025', 'Mark Fiore', 'Mark.Fiore@TechCorp.com', '2005-06-09', 2, 111308, 3, 'E44426', '2005-06-09', Null, 'Midwest', '1300 Nicollet Mall', 'Minnapolis', 'MN', 2);
insert into employee (id, emp_id, emp_nm, email, hire_date, job_id, salary, department_id, manager_id, start_date, end_date, location, address, city, state, education_id) VALUES (36, 'E76443', 'Thanuja Polani', 'Thanuja.Polani@TechCorp.com', '2020-02-16', 2, 114582, 3, 'E44426', '2020-02-16', Null, 'South', '422 Broadway', 'Nashville', 'TN', 4);
insert into employee (id, emp_id, emp_nm, email, hire_date, job_id, salary, department_id, manager_id, start_date, end_date, location, address, city, state, education_id) VALUES (37, 'E86828', 'Philip Barnett', 'Philip.Barnett@TechCorp.com', '2011-09-29', 2, 116831, 3, 'E44426', '2011-09-29', Null, 'West Coast', '705 James Way', 'San Francisco', 'CA', 4);
insert into employee (id, emp_id, emp_nm, email, hire_date, job_id, salary, department_id, manager_id, start_date, end_date, location, address, city, state, education_id) VALUES (38, 'E98891', 'Doris Venama', 'Doris.Venama@TechCorp.com', '2017-09-30', 2, 110704, 3, 'E44426', '2017-09-30', Null, 'HQ', '1 Tech ABC Corp Way', 'Dallas', 'TX', 4);
insert into employee (id, emp_id, emp_nm, email, hire_date, job_id, salary, department_id, manager_id, start_date, end_date, location, address, city, state, education_id) VALUES (39, 'E34500', 'Kathy Fedder', 'Kathy.Fedder@TechCorp.com', '1997-01-17', 3, 113744, 3, 'E44426', '1997-01-17', Null, 'South', '422 Broadway', 'Nashville', 'TN', 2);
insert into employee (id, emp_id, emp_nm, email, hire_date, job_id, salary, department_id, manager_id, start_date, end_date, location, address, city, state, education_id) VALUES (40, 'E41635', 'James Aryeetey', 'James.Aryeetey@TechCorp.com', '2005-03-26', 3, 134237, 3, 'E44426', '2005-03-26', Null, 'East Coast', '165 Broadway', 'New York City', 'NY', 2);
insert into employee (id, emp_id, emp_nm, email, hire_date, job_id, salary, department_id, manager_id, start_date, end_date, location, address, city, state, education_id) VALUES (41, 'E51619', 'Tom Meola', 'Tom.Meola@TechCorp.com', '2011-10-05', 3, 122334, 3, 'E44426', '2011-10-05', Null, 'Midwest', '1300 Nicollet Mall', 'Minnapolis', 'MN', 2);
insert into employee (id, emp_id, emp_nm, email, hire_date, job_id, salary, department_id, manager_id, start_date, end_date, location, address, city, state, education_id) VALUES (42, 'E98270', 'Jeff Barnhill', 'Jeff.Barnhill@TechCorp.com', '1997-12-24', 3, 99218, 3, 'E44426', '1997-12-24', Null, 'HQ', '1 Tech ABC Corp Way', 'Dallas', 'TX', 2);
insert into employee (id, emp_id, emp_nm, email, hire_date, job_id, salary, department_id, manager_id, start_date, end_date, location, address, city, state, education_id) VALUES (43, 'E25710', 'Brent Robinson', 'Brent.Robinson@TechCorp.com', '2005-08-14', 3, 77155, 4, 'E77884', '2005-08-14', Null, 'West Coast', '705 James Way', 'San Francisco', 'CA', 4);
insert into employee (id, emp_id, emp_nm, email, hire_date, job_id, salary, department_id, manager_id, start_date, end_date, location, address, city, state, education_id) VALUES (44, 'E41712', 'Elaine Podwika', 'Elaine.Podwika@TechCorp.com', '2012-01-06', 3, 87465, 4, 'E77884', '2012-01-06', Null, 'East Coast', '165 Broadway', 'New York City', 'NY', 4);
insert into employee (id, emp_id, emp_nm, email, hire_date, job_id, salary, department_id, manager_id, start_date, end_date, location, address, city, state, education_id) VALUES (45, 'E42522', 'Fiona Morris', 'Fiona.Morris@TechCorp.com', '2007-05-26', 3, 79694, 4, 'E77884', '2007-05-26', Null, 'East Coast', '165 Broadway', 'New York City', 'NY', 4);
insert into employee (id, emp_id, emp_nm, email, hire_date, job_id, salary, department_id, manager_id, start_date, end_date, location, address, city, state, education_id) VALUES (46, 'E45758', 'Walter Waddler', 'Walter.Waddler@TechCorp.com', '2017-12-19', 3, 144623, 4, 'E77884', '2017-12-19', Null, 'East Coast', '165 Broadway', 'New York City', 'NY', 2);
insert into employee (id, emp_id, emp_nm, email, hire_date, job_id, salary, department_id, manager_id, start_date, end_date, location, address, city, state, education_id) VALUES (47, 'E48637', 'Joey Fulkerson', 'Joey.Fulkerson@TechCorp.com', '1999-09-26', 3, 140231, 4, 'E77884', '1999-09-26', Null, 'East Coast', '165 Broadway', 'New York City', 'NY', 4);
insert into employee (id, emp_id, emp_nm, email, hire_date, job_id, salary, department_id, manager_id, start_date, end_date, location, address, city, state, education_id) VALUES (48, 'E60752', 'Michael Tholstrup', 'Michael.Tholstrup@TechCorp.com', '2010-02-27', 3, 138695, 4, 'E77884', '2010-02-27', Null, 'Midwest', '1300 Nicollet Mall', 'Minnapolis', 'MN', 4);
insert into employee (id, emp_id, emp_nm, email, hire_date, job_id, salary, department_id, manager_id, start_date, end_date, location, address, city, state, education_id) VALUES (49, 'E77658', 'Hitesh Bhatt', 'Hitesh.Bhatt@TechCorp.com', '2012-03-15', 3, 113702, 4, 'E77884', '2012-03-15', Null, 'West Coast', '705 James Way', 'San Francisco', 'CA', 4);
insert into employee (id, emp_id, emp_nm, email, hire_date, job_id, salary, department_id, manager_id, start_date, end_date, location, address, city, state, education_id) VALUES (50, 'E85476', 'Shawn Reynolds', 'Shawn.Reynolds@TechCorp.com', '2003-07-22', 3, 71982, 4, 'E77884', '2003-07-22', Null, 'East Coast', '165 Broadway', 'New York City', 'NY', 3);
insert into employee (id, emp_id, emp_nm, email, hire_date, job_id, salary, department_id, manager_id, start_date, end_date, location, address, city, state, education_id) VALUES (51, 'E38677', 'Michael Scilla', 'Michael.Scilla@TechCorp.com', '2014-04-17', 4, 201404, 1, 'E63041', '2014-04-17', Null, 'East Coast', '165 Broadway', 'New York City', 'NY', 3);
insert into employee (id, emp_id, emp_nm, email, hire_date, job_id, salary, department_id, manager_id, start_date, end_date, location, address, city, state, education_id) VALUES (52, 'E45736', 'John Perez', 'John.Perez@TechCorp.com', '2015-04-04', 4, 156298, 1, 'E63041', '2015-04-04', Null, 'East Coast', '165 Broadway', 'New York City', 'NY', 3);
insert into employee (id, emp_id, emp_nm, email, hire_date, job_id, salary, department_id, manager_id, start_date, end_date, location, address, city, state, education_id) VALUES (53, 'E56144', 'Cassidy Clayton', 'Cassidy.Clayton@TechCorp.com', '2013-01-28', 4, 169184, 1, 'E63041', '2013-01-28', Null, 'West Coast', '705 James Way', 'San Francisco', 'CA', 3);
insert into employee (id, emp_id, emp_nm, email, hire_date, job_id, salary, department_id, manager_id, start_date, end_date, location, address, city, state, education_id) VALUES (54, 'E33486', 'Stephen Colluci', 'Stephen.Colluci@TechCorp.com', '2000-08-02', 4, 153296, 2, 'E17054', '2000-08-02', Null, 'HQ', '1 Tech ABC Corp Way', 'Dallas', 'TX', 3);
insert into employee (id, emp_id, emp_nm, email, hire_date, job_id, salary, department_id, manager_id, start_date, end_date, location, address, city, state, education_id) VALUES (55, 'E38634', 'Zach Bratkovich', 'Zach.Bratkovich@TechCorp.com', '2014-11-22', 4, 144638, 2, 'E17054', '2014-11-22', Null, 'HQ', '1 Tech ABC Corp Way', 'Dallas', 'TX', 3);
insert into employee (id, emp_id, emp_nm, email, hire_date, job_id, salary, department_id, manager_id, start_date, end_date, location, address, city, state, education_id) VALUES (56, 'E53406', 'Janice Mayzlik', 'Janice.Mayzlik@TechCorp.com', '2001-10-25', 4, 81812, 2, 'E17054', '2001-10-25', Null, 'HQ', '1 Tech ABC Corp Way', 'Dallas', 'TX', 4);
insert into employee (id, emp_id, emp_nm, email, hire_date, job_id, salary, department_id, manager_id, start_date, end_date, location, address, city, state, education_id) VALUES (57, 'E75081', 'Dennis Fredrich', 'Dennis.Fredrich@TechCorp.com', '2008-10-08', 4, 132436, 2, 'E17054', '2008-10-08', Null, 'HQ', '1 Tech ABC Corp Way', 'Dallas', 'TX', 4);
insert into employee (id, emp_id, emp_nm, email, hire_date, job_id, salary, department_id, manager_id, start_date, end_date, location, address, city, state, education_id) VALUES (58, 'E79464', 'Anu Patel', 'Anu.Patel@TechCorp.com', '1999-05-01', 4, 177673, 2, 'E17054', '1999-05-01', Null, 'HQ', '1 Tech ABC Corp Way', 'Dallas', 'TX', 4);
insert into employee (id, emp_id, emp_nm, email, hire_date, job_id, salary, department_id, manager_id, start_date, end_date, location, address, city, state, education_id) VALUES (59, 'E96856', 'Tom Wilson', 'Tom.Wilson@TechCorp.com', '2017-11-27', 4, 127669, 2, 'E17054', '2017-11-27', Null, 'HQ', '1 Tech ABC Corp Way', 'Dallas', 'TX', 4);
insert into employee (id, emp_id, emp_nm, email, hire_date, job_id, salary, department_id, manager_id, start_date, end_date, location, address, city, state, education_id) VALUES (60, 'E47655', 'Cody Holland', 'Cody.Holland@TechCorp.com', '1997-11-27', 4, 207651, 3, 'E44426', '1997-11-27', Null, 'East Coast', '165 Broadway', 'New York City', 'NY', 3);
insert into employee (id, emp_id, emp_nm, email, hire_date, job_id, salary, department_id, manager_id, start_date, end_date, location, address, city, state, education_id) VALUES (61, 'E87210', 'Gary Boyd', 'Gary.Boyd@TechCorp.com', '2014-04-18', 4, 176207, 3, 'E44426', '2014-04-18', Null, 'Midwest', '1300 Nicollet Mall', 'Minnapolis', 'MN', 3);
insert into employee (id, emp_id, emp_nm, email, hire_date, job_id, salary, department_id, manager_id, start_date, end_date, location, address, city, state, education_id) VALUES (62, 'E95214', 'Faheem Ahmed', 'Faheem.Ahmed@TechCorp.com', '2019-09-22', 4, 93400, 3, 'E44426', '2019-09-22', Null, 'South', '422 Broadway', 'Nashville', 'TN', 3);
insert into employee (id, emp_id, emp_nm, email, hire_date, job_id, salary, department_id, manager_id, start_date, end_date, location, address, city, state, education_id) VALUES (63, 'E21696', 'Mallory Russo', 'Mallory.Russo@TechCorp.com', '1997-12-06', 4, 167887, 4, 'E77884', '1997-12-06', Null, 'East Coast', '165 Broadway', 'New York City', 'NY', 4);
insert into employee (id, emp_id, emp_nm, email, hire_date, job_id, salary, department_id, manager_id, start_date, end_date, location, address, city, state, education_id) VALUES (64, 'E60929', 'Tanya Maheshwari', 'Tanya.Maheshwari@TechCorp.com', '2013-07-03', 4, 195992, 4, 'E77884', '2013-07-03', Null, 'Midwest', '1300 Nicollet Mall', 'Minnapolis', 'MN', 4);
insert into employee (id, emp_id, emp_nm, email, hire_date, job_id, salary, department_id, manager_id, start_date, end_date, location, address, city, state, education_id) VALUES (65, 'E76053', 'Darryl Reamer', 'Darryl.Reamer@TechCorp.com', '1998-08-23', 4, 83548, 4, 'E77884', '1998-08-23', Null, 'South', '422 Broadway', 'Nashville', 'TN', 3);
insert into employee (id, emp_id, emp_nm, email, hire_date, job_id, salary, department_id, manager_id, start_date, end_date, location, address, city, state, education_id) VALUES (66, 'E43694', 'Benyam Gizaw', 'Benyam.Gizaw@TechCorp.com', '2016-10-28', 4, 159035, 5, 'E88667', '2016-10-28', Null, 'West Coast', '705 James Way', 'San Francisco', 'CA', 3);
insert into employee (id, emp_id, emp_nm, email, hire_date, job_id, salary, department_id, manager_id, start_date, end_date, location, address, city, state, education_id) VALUES (67, 'E71792', 'Jesse Curiel', 'Jesse.Curiel@TechCorp.com', '2014-03-30', 4, 123496, 5, 'E88667', '2014-03-30', Null, 'Midwest', '1300 Nicollet Mall', 'Minnapolis', 'MN', 3);
insert into employee (id, emp_id, emp_nm, email, hire_date, job_id, salary, department_id, manager_id, start_date, end_date, location, address, city, state, education_id) VALUES (68, 'E93629', 'Tracy Emerson', 'Tracy.Emerson@TechCorp.com', '2013-07-22', 4, 183807, 5, 'E88667', '2013-07-22', Null, 'East Coast', '165 Broadway', 'New York City', 'NY', 3);
insert into employee (id, emp_id, emp_nm, email, hire_date, job_id, salary, department_id, manager_id, start_date, end_date, location, address, city, state, education_id) VALUES (69, 'E63041', 'Allison Gentle', 'Allison.Gentle@TechCorp.com', '1995-08-22', 5, 176000, 1, 'E17054', '1995-08-22', Null, 'West Coast', '705 James Way', 'San Francisco', 'CA', 5);
insert into employee (id, emp_id, emp_nm, email, hire_date, job_id, salary, department_id, manager_id, start_date, end_date, location, address, city, state, education_id) VALUES (70, 'E44426', 'Jacob Lauber', 'Jacob.Lauber@TechCorp.com', '2007-05-02', 5, 205000, 3, 'E17054', '2007-05-02', Null, 'East Coast', '165 Broadway', 'New York City', 'NY', 5);
insert into employee (id, emp_id, emp_nm, email, hire_date, job_id, salary, department_id, manager_id, start_date, end_date, location, address, city, state, education_id) VALUES (71, 'E77884', 'Conner Kinch', 'Conner.Kinch@TechCorp.com', '2002-12-09', 5, 187000, 4, 'E17054', '2002-12-09', Null, 'West Coast', '705 James Way', 'San Francisco', 'CA', 5);
insert into employee (id, emp_id, emp_nm, email, hire_date, job_id, salary, department_id, manager_id, start_date, end_date, location, address, city, state, education_id) VALUES (72, 'E88667', 'Jennifer De La Garza', 'Jennifer.De La Garza@TechCorp.com', '1995-12-21', 5, 210000, 5, 'E17054', '1995-12-21', Null, 'West Coast', '705 James Way', 'San Francisco', 'CA', 4);
insert into employee (id, emp_id, emp_nm, email, hire_date, job_id, salary, department_id, manager_id, start_date, end_date, location, address, city, state, education_id) VALUES (73, 'E22197', 'Oliver Jia', 'Oliver.Jia@TechCorp.com', '2013-09-22', 6, 89618, 3, 'E44426', '2013-09-22', Null, 'HQ', '1 Tech ABC Corp Way', 'Dallas', 'TX', 4);
insert into employee (id, emp_id, emp_nm, email, hire_date, job_id, salary, department_id, manager_id, start_date, end_date, location, address, city, state, education_id) VALUES (74, 'E24100', 'Zondra Peck', 'Zondra.Peck@TechCorp.com', '1997-03-06', 6, 98994, 3, 'E44426', '1997-03-06', Null, 'Midwest', '1300 Nicollet Mall', 'Minnapolis', 'MN', 4);
insert into employee (id, emp_id, emp_nm, email, hire_date, job_id, salary, department_id, manager_id, start_date, end_date, location, address, city, state, education_id) VALUES (75, 'E26874', 'Tiffany Harrington', 'Tiffany.Harrington@TechCorp.com', '2015-06-27', 6, 45412, 3, 'E44426', '2015-06-27', Null, 'South', '422 Broadway', 'Nashville', 'TN', 4);
insert into employee (id, emp_id, emp_nm, email, hire_date, job_id, salary, department_id, manager_id, start_date, end_date, location, address, city, state, education_id) VALUES (76, 'E34748', 'Holly Smith', 'Holly.Smith@TechCorp.com', '2011-04-28', 6, 71942, 3, 'E44426', '2011-04-28', Null, 'South', '422 Broadway', 'Nashville', 'TN', 2);
insert into employee (id, emp_id, emp_nm, email, hire_date, job_id, salary, department_id, manager_id, start_date, end_date, location, address, city, state, education_id) VALUES (77, 'E36960', 'Ken Beer', 'Ken.Beer@TechCorp.com', '2008-04-26', 6, 101294, 3, 'E44426', '2008-04-26', Null, 'West Coast', '705 James Way', 'San Francisco', 'CA', 2);
insert into employee (id, emp_id, emp_nm, email, hire_date, job_id, salary, department_id, manager_id, start_date, end_date, location, address, city, state, education_id) VALUES (78, 'E48884', 'Stacey Lewis', 'Stacey.Lewis@TechCorp.com', '2008-06-01', 6, 103714, 3, 'E44426', '2008-06-01', Null, 'Midwest', '1300 Nicollet Mall', 'Minnapolis', 'MN', 2);
insert into employee (id, emp_id, emp_nm, email, hire_date, job_id, salary, department_id, manager_id, start_date, end_date, location, address, city, state, education_id) VALUES (79, 'E62527', 'Barry Walsh', 'Barry.Walsh@TechCorp.com', '2006-06-15', 6, 49816, 3, 'E44426', '2006-06-15', Null, 'Midwest', '1300 Nicollet Mall', 'Minnapolis', 'MN', 2);
insert into employee (id, emp_id, emp_nm, email, hire_date, job_id, salary, department_id, manager_id, start_date, end_date, location, address, city, state, education_id) VALUES (80, 'E62634', 'Karen Lafler', 'Karen.Lafler@TechCorp.com', '2014-08-19', 6, 65515, 3, 'E44426', '2014-08-19', Null, 'South', '422 Broadway', 'Nashville', 'TN', 1);
insert into employee (id, emp_id, emp_nm, email, hire_date, job_id, salary, department_id, manager_id, start_date, end_date, location, address, city, state, education_id) VALUES (81, 'E67793', 'Fausto Recalde', 'Fausto.Recalde@TechCorp.com', '2018-06-07', 6, 52924, 3, 'E44426', '2018-06-07', Null, 'South', '422 Broadway', 'Nashville', 'TN', 2);
insert into employee (id, emp_id, emp_nm, email, hire_date, job_id, salary, department_id, manager_id, start_date, end_date, location, address, city, state, education_id) VALUES (82, 'E79552', 'Angela Masdary', 'Angela.Masdary@TechCorp.com', '2008-02-05', 6, 84625, 3, 'E44426', '2008-02-05', Null, 'East Coast', '165 Broadway', 'New York City', 'NY', 2);
insert into employee (id, emp_id, emp_nm, email, hire_date, job_id, salary, department_id, manager_id, start_date, end_date, location, address, city, state, education_id) VALUES (83, 'E81369', 'Kevin Soltis', 'Kevin.Soltis@TechCorp.com', '2019-05-29', 6, 93362, 3, 'E44426', '2019-05-29', Null, 'East Coast', '165 Broadway', 'New York City', 'NY', 2);
insert into employee (id, emp_id, emp_nm, email, hire_date, job_id, salary, department_id, manager_id, start_date, end_date, location, address, city, state, education_id) VALUES (84, 'E83512', 'Tim Lawler', 'Tim.Lawler@TechCorp.com', '1996-10-22', 6, 103110, 3, 'E44426', '1996-10-22', Null, 'East Coast', '165 Broadway', 'New York City', 'NY', 2);
insert into employee (id, emp_id, emp_nm, email, hire_date, job_id, salary, department_id, manager_id, start_date, end_date, location, address, city, state, education_id) VALUES (85, 'E91075', 'Micah Vass', 'Micah.Vass@TechCorp.com', '2019-12-15', 6, 68127, 3, 'E44426', '2019-12-15', Null, 'South', '422 Broadway', 'Nashville', 'TN', 1);
insert into employee (id, emp_id, emp_nm, email, hire_date, job_id, salary, department_id, manager_id, start_date, end_date, location, address, city, state, education_id) VALUES (86, 'E11678', 'Colleen Alma', 'Colleen.Alma@TechCorp.com', '2001-12-26', 6, 76913, 4, 'E77884', '2001-12-26', Null, 'HQ', '1 Tech ABC Corp Way', 'Dallas', 'TX', 1);
insert into employee (id, emp_id, emp_nm, email, hire_date, job_id, salary, department_id, manager_id, start_date, end_date, location, address, city, state, education_id) VALUES (87, 'E12397', 'Daniel Matkovic', 'Daniel.Matkovic@TechCorp.com', '2013-11-17', 6, 71846, 4, 'E77884', '2013-11-17', Null, 'HQ', '1 Tech ABC Corp Way', 'Dallas', 'TX', 1);
insert into employee (id, emp_id, emp_nm, email, hire_date, job_id, salary, department_id, manager_id, start_date, end_date, location, address, city, state, education_id) VALUES (88, 'E14913', 'Aaron Gordon ', 'Aaron.Gordon @TechCorp.com', '1998-07-15', 6, 103166, 4, 'E77884', '1998-07-15', Null, 'HQ', '1 Tech ABC Corp Way', 'Dallas', 'TX', 2);
insert into employee (id, emp_id, emp_nm, email, hire_date, job_id, salary, department_id, manager_id, start_date, end_date, location, address, city, state, education_id) VALUES (89, 'E23669', 'Karen Brown', 'Karen.Brown@TechCorp.com', '2017-04-23', 6, 77370, 4, 'E77884', '2017-04-23', Null, 'East Coast', '165 Broadway', 'New York City', 'NY', 2);
insert into employee (id, emp_id, emp_nm, email, hire_date, job_id, salary, department_id, manager_id, start_date, end_date, location, address, city, state, education_id) VALUES (90, 'E30317', 'Siena Spitzer', 'Siena.Spitzer@TechCorp.com', '2019-01-03', 6, 66952, 4, 'E77884', '2019-01-03', Null, 'South', '422 Broadway', 'Nashville', 'TN', 2);
insert into employee (id, emp_id, emp_nm, email, hire_date, job_id, salary, department_id, manager_id, start_date, end_date, location, address, city, state, education_id) VALUES (91, 'E47926', 'Janice Canterbury', 'Janice.Canterbury@TechCorp.com', '2008-05-31', 6, 85880, 4, 'E77884', '2008-05-31', Null, 'East Coast', '165 Broadway', 'New York City', 'NY', 2);
insert into employee (id, emp_id, emp_nm, email, hire_date, job_id, salary, department_id, manager_id, start_date, end_date, location, address, city, state, education_id) VALUES (92, 'E66477', 'Dakeem Coleman', 'Dakeem.Coleman@TechCorp.com', '2018-05-08', 6, 86055, 4, 'E77884', '2018-05-08', Null, 'Midwest', '1300 Nicollet Mall', 'Minnapolis', 'MN', 4);
insert into employee (id, emp_id, emp_nm, email, hire_date, job_id, salary, department_id, manager_id, start_date, end_date, location, address, city, state, education_id) VALUES (93, 'E80744', 'Ginger Logan', 'Ginger.Logan@TechCorp.com', '2020-01-09', 6, 96416, 4, 'E77884', '2020-01-09', Null, 'West Coast', '705 James Way', 'San Francisco', 'CA', 4);
insert into employee (id, emp_id, emp_nm, email, hire_date, job_id, salary, department_id, manager_id, start_date, end_date, location, address, city, state, education_id) VALUES (94, 'E17054', 'Tyrone Hutchison', 'Tyrone.Hutchison@TechCorp.com', '2006-09-07', 7, 540000, 2, Null, '2006-09-07', Null, 'HQ', '1 Tech ABC Corp Way', 'Dallas', 'TX', 5);
insert into employee (id, emp_id, emp_nm, email, hire_date, job_id, salary, department_id, manager_id, start_date, end_date, location, address, city, state, education_id) VALUES (95, 'E10407', 'Darshan Rathod', 'Darshan.Rathod@TechCorp.com', '2018-10-08', 8, 180692, 4, 'E77884', '2018-10-08', Null, 'HQ', '1 Tech ABC Corp Way', 'Dallas', 'TX', 2);
insert into employee (id, emp_id, emp_nm, email, hire_date, job_id, salary, department_id, manager_id, start_date, end_date, location, address, city, state, education_id) VALUES (96, 'E13596', 'Kenneth Dewitt', 'Kenneth.Dewitt@TechCorp.com', '2012-04-09', 8, 180913, 4, 'E77884', '2012-04-09', Null, 'HQ', '1 Tech ABC Corp Way', 'Dallas', 'TX', 2);
insert into employee (id, emp_id, emp_nm, email, hire_date, job_id, salary, department_id, manager_id, start_date, end_date, location, address, city, state, education_id) VALUES (97, 'E16995', 'Wilson Martinez', 'Wilson.Martinez@TechCorp.com', '2001-02-28', 8, 130161, 4, 'E77884', '2001-02-28', Null, 'HQ', '1 Tech ABC Corp Way', 'Dallas', 'TX', 2);
insert into employee (id, emp_id, emp_nm, email, hire_date, job_id, salary, department_id, manager_id, start_date, end_date, location, address, city, state, education_id) VALUES (98, 'E22680', 'Cassidy Bancroft', 'Cassidy.Bancroft@TechCorp.com', '2013-10-26', 8, 196637, 4, 'E77884', '2013-10-26', Null, 'East Coast', '165 Broadway', 'New York City', 'NY', 2);
insert into employee (id, emp_id, emp_nm, email, hire_date, job_id, salary, department_id, manager_id, start_date, end_date, location, address, city, state, education_id) VALUES (99, 'E23429', 'Andrew Yoon', 'Andrew.Yoon@TechCorp.com', '2018-11-14', 8, 114616, 4, 'E77884', '2018-11-14', Null, 'East Coast', '165 Broadway', 'New York City', 'NY', 1);
insert into employee (id, emp_id, emp_nm, email, hire_date, job_id, salary, department_id, manager_id, start_date, end_date, location, address, city, state, education_id) VALUES (100, 'E25662', 'Doug Tomson', 'Doug.Tomson@TechCorp.com', '1995-06-22', 8, 188080, 4, 'E77884', '1995-06-22', Null, 'East Coast', '165 Broadway', 'New York City', 'NY', 2);
insert into employee (id, emp_id, emp_nm, email, hire_date, job_id, salary, department_id, manager_id, start_date, end_date, location, address, city, state, education_id) VALUES (101, 'E28092', 'Tuan Yang', 'Tuan.Yang@TechCorp.com', '2008-11-01', 8, 174651, 4, 'E77884', '2008-11-01', Null, 'West Coast', '705 James Way', 'San Francisco', 'CA', 2);
insert into employee (id, emp_id, emp_nm, email, hire_date, job_id, salary, department_id, manager_id, start_date, end_date, location, address, city, state, education_id) VALUES (102, 'E28638', 'Marie Dumadara', 'Marie.Dumadara@TechCorp.com', '2004-06-02', 8, 123909, 4, 'E77884', '2004-06-02', Null, 'Midwest', '1300 Nicollet Mall', 'Minnapolis', 'MN', 2);
insert into employee (id, emp_id, emp_nm, email, hire_date, job_id, salary, department_id, manager_id, start_date, end_date, location, address, city, state, education_id) VALUES (103, 'E30058', 'Bertin Dakouo', 'Bertin.Dakouo@TechCorp.com', '2013-09-24', 8, 81047, 4, 'E77884', '2013-09-24', Null, 'Midwest', '1300 Nicollet Mall', 'Minnapolis', 'MN', 2);
insert into employee (id, emp_id, emp_nm, email, hire_date, job_id, salary, department_id, manager_id, start_date, end_date, location, address, city, state, education_id) VALUES (104, 'E30678', 'Jody Hopkins', 'Jody.Hopkins@TechCorp.com', '2020-05-02', 8, 91389, 4, 'E77884', '2020-05-02', Null, 'South', '422 Broadway', 'Nashville', 'TN', 4);
insert into employee (id, emp_id, emp_nm, email, hire_date, job_id, salary, department_id, manager_id, start_date, end_date, location, address, city, state, education_id) VALUES (105, 'E31241', 'Laura House', 'Laura.House@TechCorp.com', '2014-05-10', 8, 157102, 4, 'E77884', '2014-05-10', Null, 'South', '422 Broadway', 'Nashville', 'TN', 1);
insert into employee (id, emp_id, emp_nm, email, hire_date, job_id, salary, department_id, manager_id, start_date, end_date, location, address, city, state, education_id) VALUES (106, 'E32058', 'Curtis Gibson', 'Curtis.Gibson@TechCorp.com', '2009-01-19', 8, 140534, 4, 'E77884', '2009-01-19', Null, 'South', '422 Broadway', 'Nashville', 'TN', 2);
insert into employee (id, emp_id, emp_nm, email, hire_date, job_id, salary, department_id, manager_id, start_date, end_date, location, address, city, state, education_id) VALUES (107, 'E34816', 'Roseann Martineeti', 'Roseann.Martineeti@TechCorp.com', '2000-08-01', 8, 82192, 4, 'E77884', '2000-08-01', Null, 'East Coast', '165 Broadway', 'New York City', 'NY', 2);
insert into employee (id, emp_id, emp_nm, email, hire_date, job_id, salary, department_id, manager_id, start_date, end_date, location, address, city, state, education_id) VALUES (108, 'E35860', 'Vivian Kovach', 'Vivian.Kovach@TechCorp.com', '1999-08-18', 8, 125831, 4, 'E77884', '1999-08-18', Null, 'East Coast', '165 Broadway', 'New York City', 'NY', 2);
insert into employee (id, emp_id, emp_nm, email, hire_date, job_id, salary, department_id, manager_id, start_date, end_date, location, address, city, state, education_id) VALUES (109, 'E39652', 'Kyle Guilmartin', 'Kyle.Guilmartin@TechCorp.com', '2012-08-11', 8, 71867, 4, 'E77884', '2012-08-11', Null, 'East Coast', '165 Broadway', 'New York City', 'NY', 2);
insert into employee (id, emp_id, emp_nm, email, hire_date, job_id, salary, department_id, manager_id, start_date, end_date, location, address, city, state, education_id) VALUES (110, 'E42681', 'James Henderson', 'James.Henderson@TechCorp.com', '1996-04-09', 8, 101469, 4, 'E77884', '1996-04-09', Null, 'East Coast', '165 Broadway', 'New York City', 'NY', 4);
insert into employee (id, emp_id, emp_nm, email, hire_date, job_id, salary, department_id, manager_id, start_date, end_date, location, address, city, state, education_id) VALUES (111, 'E46366', 'Johnathan Wayman', 'Johnathan.Wayman@TechCorp.com', '2004-10-16', 8, 133564, 4, 'E77884', '2004-10-16', Null, 'East Coast', '165 Broadway', 'New York City', 'NY', 1);
insert into employee (id, emp_id, emp_nm, email, hire_date, job_id, salary, department_id, manager_id, start_date, end_date, location, address, city, state, education_id) VALUES (112, 'E49798', 'Greg Stirton', 'Greg.Stirton@TechCorp.com', '1998-01-09', 8, 79408, 4, 'E77884', '1998-01-09', Null, 'East Coast', '165 Broadway', 'New York City', 'NY', 2);
insert into employee (id, emp_id, emp_nm, email, hire_date, job_id, salary, department_id, manager_id, start_date, end_date, location, address, city, state, education_id) VALUES (113, 'E54196', 'Phil  Wisneski', 'Phil .Wisneski@TechCorp.com', '2004-12-18', 8, 156344, 4, 'E77884', '2004-12-18', Null, 'West Coast', '705 James Way', 'San Francisco', 'CA', 2);
insert into employee (id, emp_id, emp_nm, email, hire_date, job_id, salary, department_id, manager_id, start_date, end_date, location, address, city, state, education_id) VALUES (114, 'E57502', 'Frank Debanco', 'Frank.Debanco@TechCorp.com', '2016-07-21', 8, 162790, 4, 'E77884', '2016-07-21', Null, 'West Coast', '705 James Way', 'San Francisco', 'CA', 2);
insert into employee (id, emp_id, emp_nm, email, hire_date, job_id, salary, department_id, manager_id, start_date, end_date, location, address, city, state, education_id) VALUES (115, 'E63930', 'Sonali Baidya', 'Sonali.Baidya@TechCorp.com', '2009-02-25', 8, 125439, 4, 'E77884', '2009-02-25', Null, 'Midwest', '1300 Nicollet Mall', 'Minnapolis', 'MN', 2);
insert into employee (id, emp_id, emp_nm, email, hire_date, job_id, salary, department_id, manager_id, start_date, end_date, location, address, city, state, education_id) VALUES (116, 'E67190', 'Nathan Hile ', 'Nathan.Hile @TechCorp.com', '2007-07-24', 8, 86624, 4, 'E77884', '2007-07-24', Null, 'South', '422 Broadway', 'Nashville', 'TN', 4);
insert into employee (id, emp_id, emp_nm, email, hire_date, job_id, salary, department_id, manager_id, start_date, end_date, location, address, city, state, education_id) VALUES (117, 'E87073', 'Yuesef Hosni', 'Yuesef.Hosni@TechCorp.com', '2007-01-02', 8, 146429, 4, 'E77884', '2007-01-02', Null, 'East Coast', '165 Broadway', 'New York City', 'NY', 1);
insert into employee (id, emp_id, emp_nm, email, hire_date, job_id, salary, department_id, manager_id, start_date, end_date, location, address, city, state, education_id) VALUES (118, 'E91182', 'Nick Gowen', 'Nick.Gowen@TechCorp.com', '2013-05-18', 8, 96015, 4, 'E77884', '2013-05-18', Null, 'East Coast', '165 Broadway', 'New York City', 'NY', 2);
insert into employee (id, emp_id, emp_nm, email, hire_date, job_id, salary, department_id, manager_id, start_date, end_date, location, address, city, state, education_id) VALUES (119, 'E93734', 'Melissa DeMaio', 'Melissa.DeMaio@TechCorp.com', '2005-06-21', 8, 111114, 4, 'E77884', '2005-06-21', Null, 'East Coast', '165 Broadway', 'New York City', 'NY', 2);
insert into employee (id, emp_id, emp_nm, email, hire_date, job_id, salary, department_id, manager_id, start_date, end_date, location, address, city, state, education_id) VALUES (120, 'E93871', 'Travis Black', 'Travis.Black@TechCorp.com', '2002-04-30', 8, 88910, 4, 'E77884', '2002-04-30', Null, 'HQ', '1 Tech ABC Corp Way', 'Dallas', 'TX', 2);
insert into employee (id, emp_id, emp_nm, email, hire_date, job_id, salary, department_id, manager_id, start_date, end_date, location, address, city, state, education_id) VALUES (121, 'E94387', 'Erica Davis', 'Erica.Davis@TechCorp.com', '2003-07-25', 8, 191995, 4, 'E77884', '2003-07-25', Null, 'HQ', '1 Tech ABC Corp Way', 'Dallas', 'TX', 2);
insert into employee (id, emp_id, emp_nm, email, hire_date, job_id, salary, department_id, manager_id, start_date, end_date, location, address, city, state, education_id) VALUES (122, 'E95199', 'Carlos Fernandes', 'Carlos.Fernandes@TechCorp.com', '2017-01-09', 8, 153889, 4, 'E77884', '2017-01-09', Null, 'HQ', '1 Tech ABC Corp Way', 'Dallas', 'TX', 4);
insert into employee (id, emp_id, emp_nm, email, hire_date, job_id, salary, department_id, manager_id, start_date, end_date, location, address, city, state, education_id) VALUES (123, 'E97273', 'Justin Hayes', 'Justin.Hayes@TechCorp.com', '2004-06-05', 8, 137555, 4, 'E77884', '2004-06-05', Null, 'HQ', '1 Tech ABC Corp Way', 'Dallas', 'TX', 2);
insert into employee (id, emp_id, emp_nm, email, hire_date, job_id, salary, department_id, manager_id, start_date, end_date, location, address, city, state, education_id) VALUES (124, 'E11920', 'Sharon Gillies', 'Sharon.Gillies@TechCorp.com', '2006-06-19', 8, 115719, 5, 'E88667', '2006-06-19', Null, 'HQ', '1 Tech ABC Corp Way', 'Dallas', 'TX', 2);
insert into employee (id, emp_id, emp_nm, email, hire_date, job_id, salary, department_id, manager_id, start_date, end_date, location, address, city, state, education_id) VALUES (125, 'E16276', 'Analyn Braza', 'Analyn.Braza@TechCorp.com', '1996-03-07', 8, 208554, 5, 'E88667', '1996-03-07', Null, 'HQ', '1 Tech ABC Corp Way', 'Dallas', 'TX', 2);
insert into employee (id, emp_id, emp_nm, email, hire_date, job_id, salary, department_id, manager_id, start_date, end_date, location, address, city, state, education_id) VALUES (126, 'E17372', 'Greg Pratt', 'Greg.Pratt@TechCorp.com', '2009-06-08', 8, 170741, 5, 'E88667', '2009-06-08', Null, 'HQ', '1 Tech ABC Corp Way', 'Dallas', 'TX', 2);
insert into employee (id, emp_id, emp_nm, email, hire_date, job_id, salary, department_id, manager_id, start_date, end_date, location, address, city, state, education_id) VALUES (127, 'E20101', 'Zoey Bulter', 'Zoey.Bulter@TechCorp.com', '2012-12-03', 8, 157172, 5, 'E88667', '2012-12-03', Null, 'HQ', '1 Tech ABC Corp Way', 'Dallas', 'TX', 2);
insert into employee (id, emp_id, emp_nm, email, hire_date, job_id, salary, department_id, manager_id, start_date, end_date, location, address, city, state, education_id) VALUES (128, 'E22785', 'Tami Smith', 'Tami.Smith@TechCorp.com', '1997-12-08', 8, 83535, 5, 'E88667', '1997-12-08', Null, 'HQ', '1 Tech ABC Corp Way', 'Dallas', 'TX', 4);
insert into employee (id, emp_id, emp_nm, email, hire_date, job_id, salary, department_id, manager_id, start_date, end_date, location, address, city, state, education_id) VALUES (129, 'E24539', 'Grace Messinger', 'Grace.Messinger@TechCorp.com', '2004-12-12', 8, 173443, 5, 'E88667', '2004-12-12', Null, 'HQ', '1 Tech ABC Corp Way', 'Dallas', 'TX', 2);
insert into employee (id, emp_id, emp_nm, email, hire_date, job_id, salary, department_id, manager_id, start_date, end_date, location, address, city, state, education_id) VALUES (130, 'E27267', 'Preston Lilly', 'Preston.Lilly@TechCorp.com', '2010-08-29', 8, 206383, 5, 'E88667', '2010-08-29', Null, 'HQ', '1 Tech ABC Corp Way', 'Dallas', 'TX', 2);
insert into employee (id, emp_id, emp_nm, email, hire_date, job_id, salary, department_id, manager_id, start_date, end_date, location, address, city, state, education_id) VALUES (131, 'E29129', 'Belinda Van Loon', 'Belinda.Van Loon@TechCorp.com', '2007-12-03', 8, 118753, 5, 'E88667', '2007-12-03', Null, 'HQ', '1 Tech ABC Corp Way', 'Dallas', 'TX', 2);
insert into employee (id, emp_id, emp_nm, email, hire_date, job_id, salary, department_id, manager_id, start_date, end_date, location, address, city, state, education_id) VALUES (132, 'E32359', 'Jen  Frangias', 'Jen .Frangias@TechCorp.com', '2019-03-24', 8, 102779, 5, 'E88667', '2019-03-24', Null, 'HQ', '1 Tech ABC Corp Way', 'Dallas', 'TX', 2);
insert into employee (id, emp_id, emp_nm, email, hire_date, job_id, salary, department_id, manager_id, start_date, end_date, location, address, city, state, education_id) VALUES (133, 'E36346', 'Tyrone Curtis', 'Tyrone.Curtis@TechCorp.com', '1999-06-22', 8, 100092, 5, 'E88667', '1999-06-22', Null, 'HQ', '1 Tech ABC Corp Way', 'Dallas', 'TX', 2);
insert into employee (id, emp_id, emp_nm, email, hire_date, job_id, salary, department_id, manager_id, start_date, end_date, location, address, city, state, education_id) VALUES (134, 'E37389', 'Becky Weaver', 'Becky.Weaver@TechCorp.com', '1996-12-08', 8, 172479, 5, 'E88667', '1996-12-08', Null, 'HQ', '1 Tech ABC Corp Way', 'Dallas', 'TX', 4);
insert into employee (id, emp_id, emp_nm, email, hire_date, job_id, salary, department_id, manager_id, start_date, end_date, location, address, city, state, education_id) VALUES (135, 'E38997', 'Roseann Clemente', 'Roseann.Clemente@TechCorp.com', '2007-09-21', 8, 173887, 5, 'E88667', '2007-09-21', Null, 'HQ', '1 Tech ABC Corp Way', 'Dallas', 'TX', 2);
insert into employee (id, emp_id, emp_nm, email, hire_date, job_id, salary, department_id, manager_id, start_date, end_date, location, address, city, state, education_id) VALUES (136, 'E42061', 'Diana Teppen', 'Diana.Teppen@TechCorp.com', '2013-11-04', 8, 212551, 5, 'E88667', '2013-11-04', Null, 'West Coast', '705 James Way', 'San Francisco', 'CA', 2);
insert into employee (id, emp_id, emp_nm, email, hire_date, job_id, salary, department_id, manager_id, start_date, end_date, location, address, city, state, education_id) VALUES (137, 'E44136', 'Erica Siegal', 'Erica.Siegal@TechCorp.com', '2002-01-09', 8, 70148, 5, 'E88667', '2002-01-09', Null, 'West Coast', '705 James Way', 'San Francisco', 'CA', 2);
insert into employee (id, emp_id, emp_nm, email, hire_date, job_id, salary, department_id, manager_id, start_date, end_date, location, address, city, state, education_id) VALUES (138, 'E45236', 'Patti Hoeg', 'Patti.Hoeg@TechCorp.com', '2008-05-29', 8, 123476, 5, 'E88667', '2008-05-29', Null, 'East Coast', '165 Broadway', 'New York City', 'NY', 2);
insert into employee (id, emp_id, emp_nm, email, hire_date, job_id, salary, department_id, manager_id, start_date, end_date, location, address, city, state, education_id) VALUES (139, 'E52461', 'Lena Thorton', 'Lena.Thorton@TechCorp.com', '2014-11-11', 8, 196705, 5, 'E88667', '2014-11-11', Null, 'East Coast', '165 Broadway', 'New York City', 'NY', 2);
insert into employee (id, emp_id, emp_nm, email, hire_date, job_id, salary, department_id, manager_id, start_date, end_date, location, address, city, state, education_id) VALUES (140, 'E55855', 'Parker Williams', 'Parker.Williams@TechCorp.com', '2018-05-20', 8, 175296, 5, 'E88667', '2018-05-20', Null, 'East Coast', '165 Broadway', 'New York City', 'NY', 4);
insert into employee (id, emp_id, emp_nm, email, hire_date, job_id, salary, department_id, manager_id, start_date, end_date, location, address, city, state, education_id) VALUES (141, 'E56444', 'Curtis Steward', 'Curtis.Steward@TechCorp.com', '1999-06-10', 8, 87817, 5, 'E88667', '1999-06-10', Null, 'East Coast', '165 Broadway', 'New York City', 'NY', 4);
insert into employee (id, emp_id, emp_nm, email, hire_date, job_id, salary, department_id, manager_id, start_date, end_date, location, address, city, state, education_id) VALUES (142, 'E60901', 'Samantha Kramer', 'Samantha.Kramer@TechCorp.com', '2010-01-10', 8, 87887, 5, 'E88667', '2010-01-10', Null, 'East Coast', '165 Broadway', 'New York City', 'NY', 4);
insert into employee (id, emp_id, emp_nm, email, hire_date, job_id, salary, department_id, manager_id, start_date, end_date, location, address, city, state, education_id) VALUES (143, 'E61614', 'Elliot Foley', 'Elliot.Foley@TechCorp.com', '1996-07-21', 8, 174060, 5, 'E88667', '1996-07-21', Null, 'East Coast', '165 Broadway', 'New York City', 'NY', 4);
insert into employee (id, emp_id, emp_nm, email, hire_date, job_id, salary, department_id, manager_id, start_date, end_date, location, address, city, state, education_id) VALUES (144, 'E61947', 'Charles Wirry', 'Charles.Wirry@TechCorp.com', '2010-03-04', 8, 212353, 5, 'E88667', '2010-03-04', Null, 'Midwest', '1300 Nicollet Mall', 'Minnapolis', 'MN', 2);
insert into employee (id, emp_id, emp_nm, email, hire_date, job_id, salary, department_id, manager_id, start_date, end_date, location, address, city, state, education_id) VALUES (145, 'E65052', 'Leobrian Mason', 'Leobrian.Mason@TechCorp.com', '1995-09-15', 8, 103346, 5, 'E88667', '1995-09-15', Null, 'Midwest', '1300 Nicollet Mall', 'Minnapolis', 'MN', 2);
insert into employee (id, emp_id, emp_nm, email, hire_date, job_id, salary, department_id, manager_id, start_date, end_date, location, address, city, state, education_id) VALUES (146, 'E68807', 'Wes Tappan', 'Wes.Tappan@TechCorp.com', '2010-11-10', 8, 175879, 5, 'E88667', '2010-11-10', Null, 'Midwest', '1300 Nicollet Mall', 'Minnapolis', 'MN', 2);
insert into employee (id, emp_id, emp_nm, email, hire_date, job_id, salary, department_id, manager_id, start_date, end_date, location, address, city, state, education_id) VALUES (147, 'E70374', 'Norman Guerrero', 'Norman.Guerrero@TechCorp.com', '2007-08-19', 8, 123946, 5, 'E88667', '2007-08-19', Null, 'Midwest', '1300 Nicollet Mall', 'Minnapolis', 'MN', 2);
insert into employee (id, emp_id, emp_nm, email, hire_date, job_id, salary, department_id, manager_id, start_date, end_date, location, address, city, state, education_id) VALUES (148, 'E70603', 'Soek Sohn', 'Soek.Sohn@TechCorp.com', '2006-07-06', 8, 89696, 5, 'E88667', '2006-07-06', Null, 'Midwest', '1300 Nicollet Mall', 'Minnapolis', 'MN', 2);
insert into employee (id, emp_id, emp_nm, email, hire_date, job_id, salary, department_id, manager_id, start_date, end_date, location, address, city, state, education_id) VALUES (149, 'E72436', 'Eileen Chuss', 'Eileen.Chuss@TechCorp.com', '2013-05-11', 8, 134130, 5, 'E88667', '2013-05-11', Null, 'South', '422 Broadway', 'Nashville', 'TN', 2);
insert into employee (id, emp_id, emp_nm, email, hire_date, job_id, salary, department_id, manager_id, start_date, end_date, location, address, city, state, education_id) VALUES (150, 'E74490', 'Alejandro Scannapieco', 'Alejandro.Scannapieco@TechCorp.com', '1999-05-22', 8, 196226, 5, 'E88667', '1999-05-22', Null, 'South', '422 Broadway', 'Nashville', 'TN', 2);
insert into employee (id, emp_id, emp_nm, email, hire_date, job_id, salary, department_id, manager_id, start_date, end_date, location, address, city, state, education_id) VALUES (151, 'E87230', 'Sara Erwin', 'Sara.Erwin@TechCorp.com', '2014-11-10', 8, 144637, 5, 'E88667', '2014-11-10', Null, 'South', '422 Broadway', 'Nashville', 'TN', 2);
insert into employee (id, emp_id, emp_nm, email, hire_date, job_id, salary, department_id, manager_id, start_date, end_date, location, address, city, state, education_id) VALUES (152, 'E87370', 'Misha Tsidulko', 'Misha.Tsidulko@TechCorp.com', '2013-11-18', 8, 105960, 5, 'E88667', '2013-11-18', Null, 'West Coast', '705 James Way', 'San Francisco', 'CA', 2);
insert into employee (id, emp_id, emp_nm, email, hire_date, job_id, salary, department_id, manager_id, start_date, end_date, location, address, city, state, education_id) VALUES (153, 'E88864', 'Susan Woodruff', 'Susan.Woodruff@TechCorp.com', '2008-11-15', 8, 209418, 5, 'E88667', '2008-11-15', Null, 'West Coast', '705 James Way', 'San Francisco', 'CA', 2);
insert into employee (id, emp_id, emp_nm, email, hire_date, job_id, salary, department_id, manager_id, start_date, end_date, location, address, city, state, education_id) VALUES (154, 'E90222', 'Yawer Ali', 'Yawer.Ali@TechCorp.com', '2016-11-01', 8, 158549, 5, 'E88667', '2016-11-01', Null, 'East Coast', '165 Broadway', 'New York City', 'NY', 2);
insert into employee (id, emp_id, emp_nm, email, hire_date, job_id, salary, department_id, manager_id, start_date, end_date, location, address, city, state, education_id) VALUES (155, 'E93715', 'Charles Barker', 'Charles.Barker@TechCorp.com', '1998-04-29', 8, 196650, 5, 'E88667', '1998-04-29', Null, 'East Coast', '165 Broadway', 'New York City', 'NY', 2);
insert into employee (id, emp_id, emp_nm, email, hire_date, job_id, salary, department_id, manager_id, start_date, end_date, location, address, city, state, education_id) VALUES (156, 'E98559', 'Max Yish', 'Max.Yish@TechCorp.com', '2006-11-11', 8, 101957, 5, 'E88667', '2006-11-11', Null, 'East Coast', '165 Broadway', 'New York City', 'NY', 2);
insert into employee (id, emp_id, emp_nm, email, hire_date, job_id, salary, department_id, manager_id, start_date, end_date, location, address, city, state, education_id) VALUES (157, 'E13085', 'Susan Cole ', 'Susan.Cole @TechCorp.com', '2017-05-01', 9, 27811, 1, 'E63041', '2017-05-01', Null, 'East Coast', '165 Broadway', 'New York City', 'NY', 2);
insert into employee (id, emp_id, emp_nm, email, hire_date, job_id, salary, department_id, manager_id, start_date, end_date, location, address, city, state, education_id) VALUES (158, 'E14737', 'Juan Cosme', 'Juan.Cosme@TechCorp.com', '2012-07-22', 9, 26050, 1, 'E63041', '2012-07-22', Null, 'East Coast', '165 Broadway', 'New York City', 'NY', 4);
insert into employee (id, emp_id, emp_nm, email, hire_date, job_id, salary, department_id, manager_id, start_date, end_date, location, address, city, state, education_id) VALUES (159, 'E15267', 'Shanteel Jackson', 'Shanteel.Jackson@TechCorp.com', '1998-02-22', 9, 40806, 1, 'E63041', '1998-02-22', Null, 'East Coast', '165 Broadway', 'New York City', 'NY', 6);
insert into employee (id, emp_id, emp_nm, email, hire_date, job_id, salary, department_id, manager_id, start_date, end_date, location, address, city, state, education_id) VALUES (160, 'E31931', 'Leo Manhanga', 'Leo.Manhanga@TechCorp.com', '2013-09-26', 9, 38206, 1, 'E63041', '2013-09-26', Null, 'Midwest', '1300 Nicollet Mall', 'Minnapolis', 'MN', 7);
insert into employee (id, emp_id, emp_nm, email, hire_date, job_id, salary, department_id, manager_id, start_date, end_date, location, address, city, state, education_id) VALUES (161, 'E36988', 'Michelle Zietz', 'Michelle.Zietz@TechCorp.com', '2015-10-31', 9, 48680, 1, 'E63041', '2015-10-31', Null, 'Midwest', '1300 Nicollet Mall', 'Minnapolis', 'MN', 1);
insert into employee (id, emp_id, emp_nm, email, hire_date, job_id, salary, department_id, manager_id, start_date, end_date, location, address, city, state, education_id) VALUES (162, 'E45405', 'Prashant Sharma', 'Prashant.Sharma@TechCorp.com', '2000-09-06', 9, 40083, 1, 'E63041', '2000-09-06', Null, 'East Coast', '165 Broadway', 'New York City', 'NY', 6);
insert into employee (id, emp_id, emp_nm, email, hire_date, job_id, salary, department_id, manager_id, start_date, end_date, location, address, city, state, education_id) VALUES (163, 'E49459', 'Courtney Newman', 'Courtney.Newman@TechCorp.com', '2020-03-28', 9, 42145, 1, 'E63041', '2020-03-28', Null, 'East Coast', '165 Broadway', 'New York City', 'NY', 7);
insert into employee (id, emp_id, emp_nm, email, hire_date, job_id, salary, department_id, manager_id, start_date, end_date, location, address, city, state, education_id) VALUES (164, 'E52489', 'Kelly Price', 'Kelly.Price@TechCorp.com', '2002-12-05', 9, 27045, 1, 'E63041', '2002-12-05', Null, 'East Coast', '165 Broadway', 'New York City', 'NY', 1);
insert into employee (id, emp_id, emp_nm, email, hire_date, job_id, salary, department_id, manager_id, start_date, end_date, location, address, city, state, education_id) VALUES (165, 'E53895', 'Kumar Durairaj', 'Kumar.Durairaj@TechCorp.com', '2014-10-27', 9, 28700, 1, 'E63041', '2014-10-27', Null, 'West Coast', '705 James Way', 'San Francisco', 'CA', 6);
insert into employee (id, emp_id, emp_nm, email, hire_date, job_id, salary, department_id, manager_id, start_date, end_date, location, address, city, state, education_id) VALUES (166, 'E55880', 'Alex Warring', 'Alex.Warring@TechCorp.com', '1995-07-18', 9, 43410, 1, 'E63041', '1995-07-18', Null, 'West Coast', '705 James Way', 'San Francisco', 'CA', 7);
insert into employee (id, emp_id, emp_nm, email, hire_date, job_id, salary, department_id, manager_id, start_date, end_date, location, address, city, state, education_id) VALUES (167, 'E69297', 'Nilden Tutalar', 'Nilden.Tutalar@TechCorp.com', '2013-03-21', 9, 31349, 1, 'E63041', '2013-03-21', Null, 'West Coast', '705 James Way', 'San Francisco', 'CA', 1);
insert into employee (id, emp_id, emp_nm, email, hire_date, job_id, salary, department_id, manager_id, start_date, end_date, location, address, city, state, education_id) VALUES (168, 'E71128', 'Stan Frank', 'Stan.Frank@TechCorp.com', '1998-01-28', 9, 48749, 1, 'E63041', '1998-01-28', Null, 'South', '422 Broadway', 'Nashville', 'TN', 6);
insert into employee (id, emp_id, emp_nm, email, hire_date, job_id, salary, department_id, manager_id, start_date, end_date, location, address, city, state, education_id) VALUES (169, 'E86238', 'Raymond Dorset', 'Raymond.Dorset@TechCorp.com', '2012-04-21', 9, 30081, 1, 'E63041', '2012-04-21', Null, 'South', '422 Broadway', 'Nashville', 'TN', 7);
insert into employee (id, emp_id, emp_nm, email, hire_date, job_id, salary, department_id, manager_id, start_date, end_date, location, address, city, state, education_id) VALUES (170, 'E90435', 'Russell Morales', 'Russell.Morales@TechCorp.com', '2017-02-20', 9, 52933, 1, 'E63041', '2017-02-20', Null, 'South', '422 Broadway', 'Nashville', 'TN', 1);
insert into employee (id, emp_id, emp_nm, email, hire_date, job_id, salary, department_id, manager_id, start_date, end_date, location, address, city, state, education_id) VALUES (171, 'E95190', 'Christina Roth', 'Christina.Roth@TechCorp.com', '2016-04-26', 9, 51407, 1, 'E63041', '2016-04-26', Null, 'South', '422 Broadway', 'Nashville', 'TN', 2);
insert into employee (id, emp_id, emp_nm, email, hire_date, job_id, salary, department_id, manager_id, start_date, end_date, location, address, city, state, education_id) VALUES (172, 'E15292', 'Melinda Fisher', 'Melinda.Fisher@TechCorp.com', '2011-02-06', 10, 117958, 3, 'E44426', '2011-02-06', Null, 'HQ', '1 Tech ABC Corp Way', 'Dallas', 'TX', 2);
insert into employee (id, emp_id, emp_nm, email, hire_date, job_id, salary, department_id, manager_id, start_date, end_date, location, address, city, state, education_id) VALUES (173, 'E20848', 'Edward Eslser', 'Edward.Eslser@TechCorp.com', '2006-07-26', 10, 83732, 3, 'E44426', '2006-07-26', Null, 'HQ', '1 Tech ABC Corp Way', 'Dallas', 'TX', 2);
insert into employee (id, emp_id, emp_nm, email, hire_date, job_id, salary, department_id, manager_id, start_date, end_date, location, address, city, state, education_id) VALUES (174, 'E23295', 'Lori Scatchard', 'Lori.Scatchard@TechCorp.com', '2004-05-08', 10, 118941, 3, 'E44426', '2004-05-08', Null, 'Midwest', '1300 Nicollet Mall', 'Minnapolis', 'MN', 4);
insert into employee (id, emp_id, emp_nm, email, hire_date, job_id, salary, department_id, manager_id, start_date, end_date, location, address, city, state, education_id) VALUES (175, 'E23590', 'Dennis Wooten', 'Dennis.Wooten@TechCorp.com', '2013-04-06', 10, 101850, 3, 'E44426', '2013-04-06', Null, 'Midwest', '1300 Nicollet Mall', 'Minnapolis', 'MN', 4);
insert into employee (id, emp_id, emp_nm, email, hire_date, job_id, salary, department_id, manager_id, start_date, end_date, location, address, city, state, education_id) VALUES (176, 'E35856', 'Beth Sepkowski', 'Beth.Sepkowski@TechCorp.com', '2017-05-03', 10, 99864, 3, 'E44426', '2017-05-03', Null, 'West Coast', '705 James Way', 'San Francisco', 'CA', 4);
insert into employee (id, emp_id, emp_nm, email, hire_date, job_id, salary, department_id, manager_id, start_date, end_date, location, address, city, state, education_id) VALUES (177, 'E40432', 'April Briggs', 'April.Briggs@TechCorp.com', '2010-01-30', 10, 130129, 3, 'E44426', '2010-01-30', Null, 'East Coast', '165 Broadway', 'New York City', 'NY', 4);
insert into employee (id, emp_id, emp_nm, email, hire_date, job_id, salary, department_id, manager_id, start_date, end_date, location, address, city, state, education_id) VALUES (178, 'E64494', 'Patricia DuBois', 'Patricia.DuBois@TechCorp.com', '2007-05-11', 10, 140024, 3, 'E44426', '2007-05-11', Null, 'South', '422 Broadway', 'Nashville', 'TN', 3);
insert into employee (id, emp_id, emp_nm, email, hire_date, job_id, salary, department_id, manager_id, start_date, end_date, location, address, city, state, education_id) VALUES (179, 'E64920', 'Mary Wesson', 'Mary.Wesson@TechCorp.com', '2019-05-11', 10, 153717, 3, 'E44426', '2019-05-11', Null, 'South', '422 Broadway', 'Nashville', 'TN', 3);
insert into employee (id, emp_id, emp_nm, email, hire_date, job_id, salary, department_id, manager_id, start_date, end_date, location, address, city, state, education_id) VALUES (180, 'E75344', 'Michael Kapper', 'Michael.Kapper@TechCorp.com', '2009-03-20', 10, 135656, 3, 'E44426', '2009-03-20', Null, 'South', '422 Broadway', 'Nashville', 'TN', 5);
insert into employee (id, emp_id, emp_nm, email, hire_date, job_id, salary, department_id, manager_id, start_date, end_date, location, address, city, state, education_id) VALUES (181, 'E82137', 'Arup Das', 'Arup.Das@TechCorp.com', '2006-10-04', 10, 97040, 3, 'E44426', '2006-10-04', Null, 'East Coast', '165 Broadway', 'New York City', 'NY', 5);
insert into employee (id, emp_id, emp_nm, email, hire_date, job_id, salary, department_id, manager_id, start_date, end_date, location, address, city, state, education_id) VALUES (182, 'E84122', 'Congkhanh Nguyen', 'Congkhanh.Nguyen@TechCorp.com', '2017-10-28', 10, 78751, 3, 'E44426', '2017-10-28', Null, 'West Coast', '705 James Way', 'San Francisco', 'CA', 2);
insert into employee (id, emp_id, emp_nm, email, hire_date, job_id, salary, department_id, manager_id, start_date, end_date, location, address, city, state, education_id) VALUES (183, 'E85640', 'Tara Madison', 'Tara.Madison@TechCorp.com', '2001-02-03', 10, 126529, 3, 'E44426', '2001-02-03', Null, 'West Coast', '705 James Way', 'San Francisco', 'CA', 2);
insert into employee (id, emp_id, emp_nm, email, hire_date, job_id, salary, department_id, manager_id, start_date, end_date, location, address, city, state, education_id) VALUES (184, 'E90439', 'Janice McQueen', 'Janice.McQueen@TechCorp.com', '2000-07-23', 10, 92788, 3, 'E44426', '2000-07-23', Null, 'Midwest', '1300 Nicollet Mall', 'Minnapolis', 'MN', 2);
insert into employee (id, emp_id, emp_nm, email, hire_date, job_id, salary, department_id, manager_id, start_date, end_date, location, address, city, state, education_id) VALUES (185, 'E90990', 'Tammy Tieman', 'Tammy.Tieman@TechCorp.com', '2014-11-16', 10, 118125, 3, 'E44426', '2014-11-16', Null, 'Midwest', '1300 Nicollet Mall', 'Minnapolis', 'MN', 4);
insert into employee (id, emp_id, emp_nm, email, hire_date, job_id, salary, department_id, manager_id, start_date, end_date, location, address, city, state, education_id) VALUES (186, 'E94552', 'Geraldine Staler', 'Geraldine.Staler@TechCorp.com', '2013-10-31', 10, 153362, 3, 'E44426', '2013-10-31', Null, 'South', '422 Broadway', 'Nashville', 'TN', 4);
insert into employee (id, emp_id, emp_nm, email, hire_date, job_id, salary, department_id, manager_id, start_date, end_date, location, address, city, state, education_id) VALUES (187, 'E96966', 'Lu Huang', 'Lu.Huang@TechCorp.com', '2014-12-19', 10, 134250, 3, 'E44426', '2014-12-19', Null, 'South', '422 Broadway', 'Nashville', 'TN', 2);
insert into employee (id, emp_id, emp_nm, email, hire_date, job_id, salary, department_id, manager_id, start_date, end_date, location, address, city, state, education_id) VALUES (188, 'E97018', 'Jamie Foskett', 'Jamie.Foskett@TechCorp.com', '2000-09-08', 10, 151379, 3, 'E44426', '2000-09-08', Null, 'HQ', '1 Tech ABC Corp Way', 'Dallas', 'TX', 2);
insert into employee (id, emp_id, emp_nm, email, hire_date, job_id, salary, department_id, manager_id, start_date, end_date, location, address, city, state, education_id) VALUES (189, 'E10033', 'Jermaine Massey', 'Jermaine.Massey@TechCorp.com', '2016-03-07', 10, 111681, 4, 'E77884', '2016-03-07', Null, 'HQ', '1 Tech ABC Corp Way', 'Dallas', 'TX', 2);
insert into employee (id, emp_id, emp_nm, email, hire_date, job_id, salary, department_id, manager_id, start_date, end_date, location, address, city, state, education_id) VALUES (190, 'E12890', 'Robert Brown', 'Robert.Brown@TechCorp.com', '2010-06-06', 10, 136384, 4, 'E77884', '2010-06-06', Null, 'HQ', '1 Tech ABC Corp Way', 'Dallas', 'TX', 4);
insert into employee (id, emp_id, emp_nm, email, hire_date, job_id, salary, department_id, manager_id, start_date, end_date, location, address, city, state, education_id) VALUES (191, 'E18659', 'Arnold Hanson', 'Arnold.Hanson@TechCorp.com', '2008-01-27', 10, 124699, 4, 'E77884', '2008-01-27', Null, 'HQ', '1 Tech ABC Corp Way', 'Dallas', 'TX', 4);
insert into employee (id, emp_id, emp_nm, email, hire_date, job_id, salary, department_id, manager_id, start_date, end_date, location, address, city, state, education_id) VALUES (192, 'E21348', 'Nital Thaker', 'Nital.Thaker@TechCorp.com', '2016-09-28', 10, 148313, 4, 'E77884', '2016-09-28', Null, 'HQ', '1 Tech ABC Corp Way', 'Dallas', 'TX', 2);
insert into employee (id, emp_id, emp_nm, email, hire_date, job_id, salary, department_id, manager_id, start_date, end_date, location, address, city, state, education_id) VALUES (193, 'E25144', 'Chandi Bhandari', 'Chandi.Bhandari@TechCorp.com', '2007-10-25', 10, 148005, 4, 'E77884', '2007-10-25', Null, 'East Coast', '165 Broadway', 'New York City', 'NY', 2);
insert into employee (id, emp_id, emp_nm, email, hire_date, job_id, salary, department_id, manager_id, start_date, end_date, location, address, city, state, education_id) VALUES (194, 'E26322', 'Raisa Paulson', 'Raisa.Paulson@TechCorp.com', '2010-10-20', 10, 136509, 4, 'E77884', '2010-10-20', Null, 'West Coast', '705 James Way', 'San Francisco', 'CA', 2);
insert into employee (id, emp_id, emp_nm, email, hire_date, job_id, salary, department_id, manager_id, start_date, end_date, location, address, city, state, education_id) VALUES (195, 'E29652', 'Jennifer Westin', 'Jennifer.Westin@TechCorp.com', '2007-06-14', 10, 115791, 4, 'E77884', '2007-06-14', Null, 'Midwest', '1300 Nicollet Mall', 'Minnapolis', 'MN', 4);
insert into employee (id, emp_id, emp_nm, email, hire_date, job_id, salary, department_id, manager_id, start_date, end_date, location, address, city, state, education_id) VALUES (196, 'E38959', 'Ludovic Bocken', 'Ludovic.Bocken@TechCorp.com', '2006-09-16', 10, 83327, 4, 'E77884', '2006-09-16', Null, 'East Coast', '165 Broadway', 'New York City', 'NY', 4);
insert into employee (id, emp_id, emp_nm, email, hire_date, job_id, salary, department_id, manager_id, start_date, end_date, location, address, city, state, education_id) VALUES (197, 'E62100', 'Victoria Pruitt', 'Victoria.Pruitt@TechCorp.com', '2000-02-15', 10, 122810, 4, 'E77884', '2000-02-15', Null, 'Midwest', '1300 Nicollet Mall', 'Minnapolis', 'MN', 2);
insert into employee (id, emp_id, emp_nm, email, hire_date, job_id, salary, department_id, manager_id, start_date, end_date, location, address, city, state, education_id) VALUES (198, 'E63937', 'Rachael Anderson', 'Rachael.Anderson@TechCorp.com', '2014-07-15', 10, 84143, 4, 'E77884', '2014-07-15', Null, 'Midwest', '1300 Nicollet Mall', 'Minnapolis', 'MN', 2);
insert into employee (id, emp_id, emp_nm, email, hire_date, job_id, salary, department_id, manager_id, start_date, end_date, location, address, city, state, education_id) VALUES (199, 'E87822', 'Anil Padala', 'Anil.Padala@TechCorp.com', '2014-04-02', 10, 90884, 4, 'E77884', '2014-04-02', Null, 'East Coast', '165 Broadway', 'New York City', 'NY', 2);
insert into employee (id, emp_id, emp_nm, email, hire_date, job_id, salary, department_id, manager_id, start_date, end_date, location, address, city, state, education_id) VALUES (200, 'E13160', 'Eric  Baxter', 'Eric .Baxter@TechCorp.com', '2008-10-06', 6, 76345, 4, 'E77884', '2004-07-06', '2008-10-05', 'HQ', '1 Tech ABC Corp Way', 'Dallas', 'TX', 1);
insert into employee (id, emp_id, emp_nm, email, hire_date, job_id, salary, department_id, manager_id, start_date, end_date, location, address, city, state, education_id) VALUES (201, 'E16678', 'Abby Lockhart', 'Abby.Lockhart@TechCorp.com', '2005-11-25', 6, 65778, 3, 'E44426', '1999-02-16', '2005-11-24', 'HQ', '1 Tech ABC Corp Way', 'Dallas', 'TX', 2);
insert into employee (id, emp_id, emp_nm, email, hire_date, job_id, salary, department_id, manager_id, start_date, end_date, location, address, city, state, education_id) VALUES (202, 'E27498', 'Toni Lembeck', 'Toni.Lembeck@TechCorp.com', '2001-07-18', 6, 72341, 3, 'E44426', '1995-03-12', '2001-07-17', 'South', '422 Broadway', 'Nashville', 'TN', 2);
insert into employee (id, emp_id, emp_nm, email, hire_date, job_id, salary, department_id, manager_id, start_date, end_date, location, address, city, state, education_id) VALUES (203, 'E15292', 'Melinda Fisher', 'Melinda.Fisher@TechCorp.com', '2011-02-06', 9, 32933, 1, 'E63041', '2007-02-22', '2011-02-05', 'HQ', '1 Tech ABC Corp Way', 'Dallas', 'TX', 2);
insert into employee (id, emp_id, emp_nm, email, hire_date, job_id, salary, department_id, manager_id, start_date, end_date, location, address, city, state, education_id) VALUES (204, 'E20848', 'Edward Eslser', 'Edward.Eslser@TechCorp.com', '2006-07-26', 9, 41407, 1, 'E63041', '2002-04-16', '2006-07-25', 'HQ', '1 Tech ABC Corp Way', 'Dallas', 'TX', 2);
insert into employee (id, emp_id, emp_nm, email, hire_date, job_id, salary, department_id, manager_id, start_date, end_date, location, address, city, state, education_id) VALUES (205, 'E23295', 'Lori Scatchard', 'Lori.Scatchard@TechCorp.com', '2004-05-08', 8, 57887, 5, 'E88667', '2003-04-08', '2004-05-07', 'Midwest', '1300 Nicollet Mall', 'Minnapolis', 'MN', 4);

